root_id,primary_type,additional_type(s)
720575940629270487,ORN_D,
720575940625946430,ORN_D,
720575940610124868,ORN_D,
720575940629965788,ORN_D,
720575940633024924,ORN_D,
720575940616377942,ORN_D,
720575940642936520,ORN_D,
720575940620224677,ORN_D,
720575940646514740,ORN_D,
720575940619791019,ORN_D,
720575940619210375,ORN_D,
720575940623981576,ORN_D,
720575940638872629,ORN_D,
720575940623265258,ORN_D,
720575940619169985,ORN_D,
720575940644512791,ORN_D,
720575940638475573,ORN_D,
720575940645431075,ORN_D,
720575940627528964,ORN_D,
720575940625337546,ORN_D,
720575940630738171,ORN_D,
720575940658539905,ORN_D,
720575940631931183,ORN_D,
720575940616311513,ORN_D,
720575940619891041,ORN_D,
720575940622604749,ORN_D,
720575940617695572,ORN_D,
720575940630284306,ORN_D,
720575940654500257,ORN_D,
720575940637013726,ORN_D,
720575940637087039,ORN_D,
720575940620538806,ORN_DA1,
720575940630838570,ORN_DA1,
720575940634995960,ORN_DA1,
720575940629336770,ORN_DA1,
720575940623747086,ORN_DA1,
720575940630996072,ORN_DA1,
720575940618080566,ORN_DA1,
720575940634538080,ORN_DA1,
720575940631229800,ORN_DA1,
720575940625162168,ORN_DA1,
720575940609040835,ORN_DA1,
720575940615708466,ORN_DA1,
720575940615711093,ORN_DA1,
720575940621098879,ORN_DA1,
720575940634702431,ORN_DA1,
720575940629511383,ORN_DA1,
720575940631012664,ORN_DA1,
720575940626585481,ORN_DA1,
720575940622682409,ORN_DA1,
720575940638807485,ORN_DA1,
720575940629471682,ORN_DA1,
720575940639625286,ORN_DA1,
720575940632175407,ORN_DA1,
720575940625825538,ORN_DA1,
720575940630062587,ORN_DA1,
720575940635706219,ORN_DA1,
720575940635708267,ORN_DA1,
720575940630339525,ORN_DA1,
720575940630368965,ORN_DA1,
720575940614982654,ORN_DA1,
720575940630428227,ORN_DA1,
720575940630461994,ORN_DA1,
720575940620101614,ORN_DA1,
720575940636165743,ORN_DA1,
720575940623137930,ORN_DA1,
720575940620096097,ORN_DA1,
720575940618937649,ORN_DA1,
720575940630442745,ORN_DA1,
720575940637255743,ORN_DA1,
720575940623122685,ORN_DA1,
720575940626031132,ORN_DA1,
720575940625399600,ORN_DA1,
720575940623358954,ORN_DA1,
720575940618236283,ORN_DA1,
720575940626606223,ORN_DA1,
720575940623317261,ORN_DA1,
720575940610412386,ORN_DA1,
720575940638216420,ORN_DA1,
720575940626269468,ORN_DA1,
720575940618533403,ORN_DA1,
720575940623037283,ORN_DA1,
720575940638099940,ORN_DA1,
720575940626122535,ORN_DA1,
720575940629963116,ORN_DA1,
720575940623080132,ORN_DA1,
720575940626047536,ORN_DA1,
720575940629847678,ORN_DA1,
720575940614569414,ORN_DA1,
720575940611357938,ORN_DA1,
720575940629182402,ORN_DA1,
720575940605686886,ORN_DA1,
720575940620929519,ORN_DA1,
720575940621335841,ORN_DA1,
720575940646583172,ORN_DA1,
720575940621368685,ORN_DA1,
720575940631629866,ORN_DA1,
720575940631907143,ORN_DA1,
720575940617333275,ORN_DA1,
720575940606167142,ORN_DA1,
720575940606227890,ORN_DA1,
720575940628251947,ORN_DA1,
720575940629266767,ORN_DA1,
720575940616670242,ORN_DA1,
720575940621540446,ORN_DA1,
720575940606165606,ORN_DA1,
720575940627777265,ORN_DA1,
720575940627636476,ORN_DA1,
720575940627048018,ORN_DA1,
720575940619528789,ORN_DA1,
720575940627332885,ORN_DA1,
720575940619498887,ORN_DA1,
720575940631997068,ORN_DA1,
720575940624432103,ORN_DA1,
720575940658814849,ORN_DA1,
720575940619591872,ORN_DA1,
720575940624211640,ORN_DA1,
720575940654849697,ORN_DA1,
720575940654436769,ORN_DA1,
720575940632679379,ORN_DA1,
720575940616934361,ORN_DA1,
720575940632765388,ORN_DA1,
720575940627465288,ORN_DA1,
720575940621263457,ORN_DA1,
720575940626928388,ORN_DA1,
720575940628281860,ORN_DA1,
720575940613797398,ORN_DA1,
720575940606922674,ORN_DA1,
720575940620687425,ORN_DA1,
720575940631406673,ORN_DA1,
720575940631350743,ORN_DA1,
720575940626692485,ORN_DA1,
720575940619873472,ORN_DA1,
720575940628909623,ORN_DA1,
720575940644683031,ORN_DA1,
720575940608044501,ORN_DA1,
720575940622198664,ORN_DA1,
720575940619340446,ORN_DA1,
720575940614037910,ORN_DA1,
720575940614586690,ORN_DA1,
720575940622383338,ORN_DA1,
720575940608283147,ORN_DA1,
720575940623797321,ORN_DA1,
720575940633512800,ORN_DA1,
720575940617626781,ORN_DA1,
720575940644191012,ORN_DA1,
720575940623927956,ORN_DA1,
720575940606949042,ORN_DA1,
720575940626869013,ORN_DA1,
720575940623870389,ORN_DA1,
720575940628314217,ORN_DA1,
720575940617486081,ORN_DA1,
720575940616526292,ORN_DA1,
720575940644542574,ORN_DA1,
720575940644530030,ORN_DA1,
720575940607090306,ORN_DA1,
720575940631468335,ORN_DA1,
720575940659996033,ORN_DA1,
720575940620055905,ORN_DA2,
720575940632041043,ORN_DA2,
720575940613671330,ORN_DA2,
720575940634955188,ORN_DA2,
720575940624211470,ORN_DA2,
720575940611437973,ORN_DA2,
720575940612972328,ORN_DA2,
720575940633031085,ORN_DA2,
720575940635705963,ORN_DA2,
720575940612019442,ORN_DA2,
720575940631467591,ORN_DA2,
720575940634614367,ORN_DA2,
720575940632190765,ORN_DA2,
720575940619539182,ORN_DA2,
720575940622713578,ORN_DA2,
720575940628086607,ORN_DA2,
720575940644590116,ORN_DA2,
720575940628380827,ORN_DA2,
720575940616536209,ORN_DA2,
720575940654069409,ORN_DA2,
720575940641403021,ORN_DA2,
720575940639931893,ORN_DA2,
720575940616095318,ORN_DA2,
720575940622553420,ORN_DA2,
720575940615923131,ORN_DA2,
720575940608928324,ORN_DA2,
720575940609633378,ORN_DA2,
720575940626411097,ORN_DA2,
720575940621106102,ORN_DA2,
720575940629830508,ORN_DA2,
720575940627805096,ORN_DA2,
720575940659222657,ORN_DA2,
720575940618946901,ORN_DA2,
720575940630257772,ORN_DA2,
720575940637704676,ORN_DA2,
720575940626357586,ORN_DA2,
720575940627318696,ORN_DA2,
720575940615427734,ORN_DA2,
720575940603832288,ORN_DA2,
720575940621003102,ORN_DA3,
720575940626399550,ORN_DA3,
720575940624163854,ORN_DA3,
720575940626974266,ORN_DA3,
720575940621265249,ORN_DA3,
720575940621209513,ORN_DA3,
720575940611127650,ORN_DA3,
720575940629782748,ORN_DA3,
720575940630246778,ORN_DA3,
720575940626873488,ORN_DA3,
720575940632297263,ORN_DA3,
720575940628683002,ORN_DA3,
720575940626859797,ORN_DA3,
720575940611559653,ORN_DA3,
720575940639028312,ORN_DA3,
720575940622098019,ORN_DA3,
720575940627185896,ORN_DA3,
720575940625460784,ORN_DA3,
720575940634775476,ORN_DA3,
720575940621165951,ORN_DA3,
720575940625187390,ORN_DA3,
720575940622565514,ORN_DA3,
720575940612417905,ORN_DA3,
720575940603828704,ORN_DA3,
720575940610384226,ORN_DA3,
720575940631315503,ORN_DA3,
720575940619976686,ORN_DA3,
720575940619029589,ORN_DA3,
720575940631314479,ORN_DA3,
720575940623031223,ORN_DA3,
720575940627455400,ORN_DA4l,
720575940627208196,ORN_DA4l,
720575940626996252,ORN_DA4l,
720575940624669966,ORN_DA4l,
720575940614653290,ORN_DA4l,
720575940626942995,ORN_DA4l,
720575940625462064,ORN_DA4l,
720575940615490502,ORN_DA4l,
720575940615558598,ORN_DA4l,
720575940629832252,ORN_DA4l,
720575940625362020,ORN_DA4l,
720575940629673692,ORN_DA4l,
720575940617313510,ORN_DA4l,
720575940626457290,ORN_DA4l,
720575940615794619,ORN_DA4l,
720575940629346715,ORN_DA4l,
720575940629020176,ORN_DA4l,
720575940617616345,ORN_DA4l,
720575940628517675,ORN_DA4l,
720575940619388062,ORN_DA4l,
720575940619269534,ORN_DA4l,
720575940626619411,ORN_DA4l,
720575940627226761,ORN_DA4l,
720575940638542426,ORN_DA4l,
720575940634399071,ORN_DA4l,
720575940633033133,ORN_DA4l,
720575940640595840,ORN_DA4l,
720575940645612579,ORN_DA4l,
720575940611300594,ORN_DA4l,
720575940646039075,ORN_DA4l,
720575940637254628,ORN_DA4l,
720575940620957168,ORN_DA4l,
720575940633557986,ORN_DA4l,
720575940650003577,ORN_DA4l,
720575940623359466,ORN_DA4l,
720575940638203364,ORN_DA4l,
720575940623031559,ORN_DA4l,
720575940617087325,ORN_DA4l,
720575940605579110,ORN_DA4l,
720575940641776373,ORN_DA4l,
720575940615171084,ORN_DA4m,
720575940632043832,ORN_DA4m,
720575940636753118,ORN_DA4m,
720575940610255058,ORN_DA4m,
720575940623147959,ORN_DA4m,
720575940611382195,ORN_DA4m,
720575940630960780,ORN_DA4m,
720575940634984372,ORN_DA4m,
720575940637374441,ORN_DA4m,
720575940614723495,ORN_DA4m,
720575940616228213,ORN_DA4m,
720575940620337072,ORN_DA4m,
720575940617046785,ORN_DA4m,
720575940659447937,ORN_DA4m,
720575940654851489,ORN_DA4m,
720575940627185064,ORN_DA4m,
720575940616831349,ORN_DA4m,
720575940621449933,ORN_DA4m,
720575940621668428,ORN_DA4m,
720575940620774326,ORN_DA4m,
720575940617511169,ORN_DA4m,
720575940617514653,ORN_DA4m,
720575940617542996,ORN_DA4m,
720575940622052521,ORN_DA4m,
720575940623572164,ORN_DA4m,
720575940639260032,ORN_DA4m,
720575940629443628,ORN_DA4m,
720575940613365650,ORN_DA4m,
720575940631236167,ORN_DA4m,
720575940610131012,ORN_DA4m,
720575940631479570,ORN_DA4m,
720575940634414231,ORN_DA4m,
720575940613127343,ORN_DA4m,
720575940631616056,ORN_DA4m,
720575940624264340,ORN_DA4m,
720575940619563429,ORN_DA4m,
720575940623973356,ORN_DA4m,
720575940631253967,ORN_DA4m,
720575940614019112,ORN_DA4m,
720575940612149014,ORN_DA4m,
720575940633671319,ORN_DC1,
720575940607869788,ORN_DC1,
720575940626865289,ORN_DC1,
720575940607932885,ORN_DC1,
720575940614676447,ORN_DC1,
720575940629153274,ORN_DC1,
720575940643183140,ORN_DC1,
720575940629154810,ORN_DC1,
720575940622403881,ORN_DC1,
720575940639506776,ORN_DC1,
720575940629380034,ORN_DC1,
720575940622987007,ORN_DC1,
720575940623799335,ORN_DC1,
720575940629710444,ORN_DC1,
720575940618821067,ORN_DC1,
720575940626674707,ORN_DC1,
720575940624958757,ORN_DC1,
720575940621862605,ORN_DC1,
720575940638683453,ORN_DC1,
720575940617141789,ORN_DC1,
720575940627431311,ORN_DC1,
720575940638212166,ORN_DC1,
720575940627454888,ORN_DC1,
720575940627465871,ORN_DC1,
720575940634776218,ORN_DC1,
720575940624555838,ORN_DC1,
720575940627595024,ORN_DC1,
720575940631943213,ORN_DC1,
720575940643842340,ORN_DC1,
720575940605742002,ORN_DC1,
720575940648681860,ORN_DC1,
720575940623496521,ORN_DC1,
720575940611845034,ORN_DC1,
720575940635072111,ORN_DC1,
720575940616566745,ORN_DC1,
720575940632854156,ORN_DC1,
720575940628391323,ORN_DC1,
720575940626980358,ORN_DC1,
720575940616482363,ORN_DC1,
720575940638339773,ORN_DC2,
720575940631450764,ORN_DC2,
720575940617739333,ORN_DC2,
720575940629557292,ORN_DC2,
720575940626631441,ORN_DC2,
720575940617454114,ORN_DC2,
720575940628061968,ORN_DC2,
720575940621182889,ORN_DC2,
720575940638773693,ORN_DC2,
720575940620217782,ORN_DC2,
720575940661296001,ORN_DC2,
720575940618903345,ORN_DC2,
720575940611161237,ORN_DC2,
720575940611045781,ORN_DC2,
720575940631313455,ORN_DC2,
720575940614327442,ORN_DC2,
720575940614236575,ORN_DC2,
720575940614110375,ORN_DC2,
720575940610873237,ORN_DC2,
720575940630807619,ORN_DC2,
720575940639517016,ORN_DC3,
720575940627675535,ORN_DC3,
720575940634941887,ORN_DC3,
720575940623122957,ORN_DC3,
720575940639118653,ORN_DC3,
720575940629049335,ORN_DC3,
720575940628894970,ORN_DC3,
720575940628372635,ORN_DC3,
720575940616275174,ORN_DC3,
720575940622039501,ORN_DC3,
720575940633213591,ORN_DC3,
720575940641174747,ORN_DC3,
720575940631638034,ORN_DC3,
720575940631639058,ORN_DC3,
720575940628184040,ORN_DC3,
720575940628205417,ORN_DC3,
720575940624917031,ORN_DC3,
720575940626886933,ORN_DC3,
720575940625442192,ORN_DC3,
720575940649428601,ORN_DC3,
720575940649433209,ORN_DC3,
720575940628673786,ORN_DC3,
720575940635170679,ORN_DC3,
720575940638607805,ORN_DC3,
720575940615639199,ORN_DC3,
720575940636599182,ORN_DC3,
720575940616938470,ORN_DC3,
720575940629591746,ORN_DC3,
720575940617058521,ORN_DC3,
720575940637226212,ORN_DC3,
720575940629588854,ORN_DC3,
720575940617874150,ORN_DC3,
720575940611114389,ORN_DC3,
720575940625583204,ORN_DC4,
720575940631842119,ORN_DC4,
720575940625342648,ORN_DC4,
720575940620303732,ORN_DC4,
720575940614844994,ORN_DC4,
720575940616783361,ORN_DC4,
720575940625657530,ORN_DC4,
720575940626282298,ORN_DC4,
720575940607960843,ORN_DC4,
720575940627370027,ORN_DC4,
720575940624716746,ORN_DC4,
720575940610864533,ORN_DC4,
720575940629453116,ORN_DC4,
720575940615146562,ORN_DC4,
720575940631960290,ORN_DC4,
720575940639287667,ORN_DC4,
720575940623503945,ORN_DC4,
720575940621654298,ORN_DC4,
720575940632192799,ORN_DC4,
720575940631450451,ORN_DC4,
720575940645686564,ORN_DC4,
720575940620133568,ORN_DC4,
720575940623447188,ORN_DL1,
720575940628288923,ORN_DL1,
720575940624442000,ORN_DL1,
720575940606974219,ORN_DL1,
720575940621611614,ORN_DL1,
720575940627213736,ORN_DL1,
720575940631067715,ORN_DL1,
720575940632193055,ORN_DL1,
720575940631041071,ORN_DL1,
720575940605513417,ORN_DL1,
720575940631014703,ORN_DL1,
720575940627598891,ORN_DL1,
720575940634771892,ORN_DL1,
720575940649394553,ORN_DL1,
720575940659770497,ORN_DL1,
720575940653542817,ORN_DL1,
720575940616866049,ORN_DL1,
720575940631159633,ORN_DL1,
720575940628044560,ORN_DL1,
720575940625028380,ORN_DL1,
720575940621373680,ORN_DL1,
720575940614120190,ORN_DL1,
720575940626984274,ORN_DL1,
720575940646088324,ORN_DL1,
720575940615144821,ORN_DL1,
720575940630734587,ORN_DL1,
720575940631625124,ORN_DL1,
720575940625044743,ORN_DL1,
720575940611157466,ORN_DL1,
720575940614831291,ORN_DL1,
720575940622831541,ORN_DL1,
720575940639068112,ORN_DL1,
720575940615757362,ORN_DL1,
720575940633389281,ORN_DL1,
720575940609884258,ORN_DL1,
720575940638881907,ORN_DL1,
720575940609929426,ORN_DL1,
720575940623013355,ORN_DL1,
720575940619761072,ORN_DL1,
720575940638487384,ORN_DL1,
720575940623787445,ORN_DL1,
720575940638455459,ORN_DL1,
720575940614993932,ORN_DL1,
720575940638069875,ORN_DL1,
720575940626064138,ORN_DL1,
720575940616578777,ORN_DL1,
720575940639434704,ORN_DL1,
720575940608667460,ORN_DL1,
720575940629253948,ORN_DL1,
720575940619638950,ORN_DL1,
720575940621766680,ORN_DL1,
720575940626879996,ORN_DL1,
720575940635277998,ORN_DL1,
720575940621860009,ORN_DL1,
720575940623339495,ORN_DL1,
720575940631296204,ORN_DL1,
720575940643477796,ORN_DL1,
720575940630411339,ORN_DL1,
720575940611353457,ORN_DL1,
720575940619320768,ORN_DL1,
720575940635838565,ORN_DL1,
720575940619373551,ORN_DL1,
720575940614705567,ORN_DL1,
720575940620110830,ORN_DL1,
720575940622196518,ORN_DL1,
720575940608227541,ORN_DL1,
720575940622204612,ORN_DL1,
720575940608313611,ORN_DL1,
720575940634574004,ORN_DL1,
720575940625709720,ORN_DL2d,
720575940623090412,ORN_DL2d,
720575940623607527,ORN_DL2d,
720575940626769304,ORN_DL2d,
720575940629343799,ORN_DL2d,
720575940632625837,ORN_DL2d,
720575940612096370,ORN_DL2d,
720575940628690423,ORN_DL2d,
720575940611762329,ORN_DL2d,
720575940638116723,ORN_DL2d,
720575940628202089,ORN_DL2d,
720575940615629173,ORN_DL2d,
720575940615398075,ORN_DL2d,
720575940628961644,ORN_DL2d,
720575940613798195,ORN_DL2v,
720575940632014284,ORN_DL2v,
720575940624739728,ORN_DL2v,
720575940610464195,ORN_DL2v,
720575940638511267,ORN_DL2v,
720575940632091951,ORN_DL2v,
720575940618912427,ORN_DL2v,
720575940616923905,ORN_DL2v,
720575940622977799,ORN_DL2v,
720575940629567473,ORN_DL2v,
720575940620392374,ORN_DL2v,
720575940619385583,ORN_DL2v,
720575940628660224,ORN_DL2v,
720575940659164545,ORN_DL2v,
720575940634013869,ORN_DL2v,
720575940612455917,ORN_DL2v,
720575940620421153,ORN_DL2v,
720575940620148059,ORN_DL2v,
720575940619558235,ORN_DL3,
720575940632437971,ORN_DL3,
720575940630370379,ORN_DL3,
720575940632570593,ORN_DL3,
720575940613403390,ORN_DL3,
720575940614410719,ORN_DL3,
720575940624694078,ORN_DL3,
720575940624711216,ORN_DL3,
720575940630990732,ORN_DL3,
720575940613686674,ORN_DL3,
720575940627251786,ORN_DL3,
720575940625420290,ORN_DL3,
720575940613858922,ORN_DL3,
720575940630852138,ORN_DL3,
720575940619367083,ORN_DL3,
720575940631544740,ORN_DL3,
720575940631321675,ORN_DL3,
720575940619304212,ORN_DL3,
720575940625176250,ORN_DL3,
720575940631932108,ORN_DL3,
720575940630679749,ORN_DL3,
720575940634987000,ORN_DL3,
720575940623925180,ORN_DL3,
720575940621132969,ORN_DL3,
720575940605266865,ORN_DL3,
720575940621374633,ORN_DL3,
720575940621399462,ORN_DL3,
720575940645559662,ORN_DL3,
720575940644746606,ORN_DL3,
720575940644221038,ORN_DL3,
720575940621914392,ORN_DL3,
720575940640113616,ORN_DL3,
720575940620673776,ORN_DL3,
720575940622333027,ORN_DL3,
720575940608277771,ORN_DL3,
720575940639564496,ORN_DL3,
720575940620537264,ORN_DL3,
720575940619755457,ORN_DL3,
720575940608615363,ORN_DL3,
720575940620348342,ORN_DL3,
720575940609867310,ORN_DL3,
720575940620255092,ORN_DL3,
720575940637965621,ORN_DL3,
720575940623071270,ORN_DL3,
720575940620167083,ORN_DL3,
720575940636388750,ORN_DL3,
720575940636227696,ORN_DL3,
720575940623257597,ORN_DL3,
720575940635618734,ORN_DL3,
720575940619973211,ORN_DL3,
720575940630033962,ORN_DL3,
720575940634761208,ORN_DL3,
720575940633940761,ORN_DL3,
720575940639089571,ORN_DL3,
720575940630014917,ORN_DL3,
720575940621082138,ORN_DL3,
720575940627159704,ORN_DL3,
720575940626979271,ORN_DL3,
720575940629274935,ORN_DL3,
720575940629020675,ORN_DL3,
720575940626996632,ORN_DL3,
720575940626162707,ORN_DL3,
720575940626583059,ORN_DL3,
720575940626279557,ORN_DL3,
720575940629853015,ORN_DL3,
720575940628164907,ORN_DL3,
720575940628790784,ORN_DL3,
720575940629904748,ORN_DL3,
720575940626501458,ORN_DL3,
720575940626872593,ORN_DL3,
720575940626680453,ORN_DL3,
720575940616364545,ORN_DL3,
720575940628398791,ORN_DL3,
720575940628277327,ORN_DL3,
720575940628280911,ORN_DL3,
720575940615093398,ORN_DL3,
720575940627820035,ORN_DL3,
720575940628835840,ORN_DL3,
720575940627820649,ORN_DL3,
720575940613419315,ORN_DL4,
720575940635584398,ORN_DL4,
720575940623276471,ORN_DL4,
720575940626867593,ORN_DL4,
720575940626461706,ORN_DL4,
720575940616899073,ORN_DL4,
720575940617215700,ORN_DL4,
720575940608607445,ORN_DL4,
720575940608007893,ORN_DL4,
720575940624335548,ORN_DL4,
720575940613042728,ORN_DL4,
720575940632966445,ORN_DL4,
720575940617217537,ORN_DL4,
720575940608090972,ORN_DL4,
720575940622495114,ORN_DL4,
720575940622421542,ORN_DL4,
720575940623959566,ORN_DL4,
720575940608253891,ORN_DL4,
720575940634183103,ORN_DL4,
720575940617244116,ORN_DL4,
720575940623816596,ORN_DL4,
720575940617737873,ORN_DL4,
720575940639306355,ORN_DL4,
720575940623026357,ORN_DL4,
720575940633523808,ORN_DL4,
720575940614934178,ORN_DL4,
720575940621110305,ORN_DL4,
720575940623071485,ORN_DL4,
720575940605724081,ORN_DL4,
720575940630720810,ORN_DL4,
720575940616472465,ORN_DL4,
720575940623087069,ORN_DL4,
720575940606123209,ORN_DL4,
720575940618576542,ORN_DL4,
720575940614357407,ORN_DL4,
720575940637594458,ORN_DL4,
720575940631060291,ORN_DL4,
720575940631102279,ORN_DL4,
720575940625260837,ORN_DL4,
720575940627453895,ORN_DL4,
720575940619843520,ORN_DL4,
720575940639076696,ORN_DL4,
720575940621609754,ORN_DL4,
720575940615305484,ORN_DL4,
720575940621594281,ORN_DL4,
720575940606483890,ORN_DL4,
720575940621581061,ORN_DL4,
720575940625022352,ORN_DL4,
720575940635803822,ORN_DL4,
720575940618145147,ORN_DL4,
720575940619357264,ORN_DL4,
720575940629888599,ORN_DL4,
720575940628407375,ORN_DL5,
720575940628431671,ORN_DL5,
720575940637728063,ORN_DL5,
720575940616256059,ORN_DL5,
720575940610724306,ORN_DL5,
720575940612160153,ORN_DL5,
720575940628597291,ORN_DL5,
720575940635978638,ORN_DL5,
720575940615089970,ORN_DL5,
720575940626867081,ORN_DL5,
720575940617340646,ORN_DL5,
720575940623205705,ORN_DL5,
720575940623353488,ORN_DL5,
720575940623129587,ORN_DL5,
720575940622547661,ORN_DL5,
720575940611905138,ORN_DL5,
720575940632637139,ORN_DL5,
720575940627363349,ORN_DL5,
720575940621424397,ORN_DL5,
720575940625341880,ORN_DL5,
720575940615380530,ORN_DL5,
720575940615657119,ORN_DL5,
720575940619812487,ORN_DL5,
720575940624853276,ORN_DL5,
720575940618640542,ORN_DL5,
720575940630696901,ORN_DL5,
720575940620719743,ORN_DL5,
720575940631964371,ORN_DL5,
720575940630511055,ORN_DL5,
720575940625694857,ORN_DL5,
720575940619243691,ORN_DL5,
720575940624304432,ORN_DL5,
720575940612674257,ORN_DL5,
720575940608053852,ORN_DL5,
720575940604352689,ORN_DL5,
720575940633175196,ORN_DL5,
720575940619675056,ORN_DL5,
720575940626589053,ORN_DL5,
720575940633259360,ORN_DL5,
720575940623971848,ORN_DL5,
720575940617056064,ORN_DL5,
720575940630366780,ORN_DL5,
720575940627316303,ORN_DM1,
720575940606001074,ORN_DM1,
720575940647088004,ORN_DM1,
720575940605328230,ORN_DM1,
720575940622891923,ORN_DM1,
720575940617351990,ORN_DM1,
720575940622281399,ORN_DM1,
720575940622651389,ORN_DM1,
720575940639080526,ORN_DM1,
720575940620574305,ORN_DM1,
720575940622276791,ORN_DM1,
720575940622262593,ORN_DM1,
720575940610059726,ORN_DM1,
720575940626976522,ORN_DM1,
720575940622564621,ORN_DM1,
720575940627163560,ORN_DM1,
720575940607927817,ORN_DM1,
720575940639427416,ORN_DM1,
720575940643977070,ORN_DM1,
720575940643980910,ORN_DM1,
720575940627526735,ORN_DM1,
720575940627996315,ORN_DM1,
720575940645824035,ORN_DM1,
720575940642284704,ORN_DM1,
720575940635562096,ORN_DM1,
720575940627253865,ORN_DM1,
720575940616546333,ORN_DM1,
720575940619789248,ORN_DM1,
720575940623942119,ORN_DM1,
720575940619702337,ORN_DM1,
720575940624045155,ORN_DM1,
720575940624223888,ORN_DM1,
720575940632224031,ORN_DM1,
720575940617825563,ORN_DM1,
720575940619451233,ORN_DM1,
720575940624689336,ORN_DM1,
720575940615723350,ORN_DM1,
720575940619419757,ORN_DM1,
720575940629728732,ORN_DM1,
720575940614102930,ORN_DM1,
720575940631240296,ORN_DM1,
720575940618539422,ORN_DM1,
720575940631217782,ORN_DM1,
720575940614522847,ORN_DM1,
720575940614559163,ORN_DM1,
720575940630664273,ORN_DM1,
720575940630496975,ORN_DM1,
720575940618696920,ORN_DM1,
720575940629918762,ORN_DM1,
720575940625821758,ORN_DM1,
720575940633471839,ORN_DM1,
720575940633509407,ORN_DM1,
720575940629350782,ORN_DM1,
720575940628800277,ORN_DM1,
720575940636187054,ORN_DM1,
720575940636093541,ORN_DM1,
720575940619844534,ORN_DM1,
720575940620071872,ORN_DM1,
720575940635757936,ORN_DM1,
720575940620028788,ORN_DM1,
720575940617577797,ORN_DM1,
720575940628621316,ORN_DM1,
720575940637472053,ORN_DM1,
720575940626868818,ORN_DM1,
720575940635146926,ORN_DM1,
720575940626779644,ORN_DM1,
720575940628429056,ORN_DM1,
720575940628749111,ORN_DM1,
720575940623062749,ORN_DM2,
720575940625360784,ORN_DM2,
720575940626147971,ORN_DM2,
720575940630612280,ORN_DM2,
720575940639024462,ORN_DM2,
720575940623085495,ORN_DM2,
720575940647097732,ORN_DM2,
720575940655010209,ORN_DM2,
720575940621325338,ORN_DM2,
720575940654194337,ORN_DM2,
720575940649134969,ORN_DM2,
720575940622880588,ORN_DM2,
720575940636741488,ORN_DM2,
720575940624951020,ORN_DM2,
720575940622685367,ORN_DM2,
720575940633311328,ORN_DM2,
720575940622440840,ORN_DM2,
720575940633203225,ORN_DM2,
720575940628677626,ORN_DM2,
720575940635094426,ORN_DM2,
720575940622099294,ORN_DM2,
720575940638576829,ORN_DM2,
720575940631228719,ORN_DM2,
720575940622039551,ORN_DM2,
720575940641039067,ORN_DM2,
720575940624500519,ORN_DM2,
720575940635184485,ORN_DM2,
720575940631925132,ORN_DM2,
720575940644237591,ORN_DM2,
720575940631923816,ORN_DM2,
720575940631295116,ORN_DM2,
720575940629384953,ORN_DM2,
720575940625825820,ORN_DM2,
720575940603356128,ORN_DM2,
720575940620577217,ORN_DM2,
720575940614735372,ORN_DM2,
720575940613539478,ORN_DM2,
720575940613437359,ORN_DM2,
720575940615747259,ORN_DM2,
720575940616203067,ORN_DM2,
720575940620932717,ORN_DM2,
720575940616398898,ORN_DM2,
720575940611696370,ORN_DM2,
720575940616713473,ORN_DM2,
720575940616886228,ORN_DM2,
720575940617234077,ORN_DM2,
720575940609586645,ORN_DM2,
720575940617645652,ORN_DM2,
720575940614427055,ORN_DM2,
720575940605915872,ORN_DM2,
720575940619277733,ORN_DM2,
720575940619725844,ORN_DM2,
720575940606698882,ORN_DM2,
720575940620679233,ORN_DM2,
720575940618701703,ORN_DM3,
720575940620109550,ORN_DM3,
720575940629724247,ORN_DM3,
720575940629842681,ORN_DM3,
720575940615578054,ORN_DM3,
720575940623059347,ORN_DM3,
720575940630141558,ORN_DM3,
720575940622540969,ORN_DM3,
720575940622540713,ORN_DM3,
720575940630569815,ORN_DM3,
720575940630645067,ORN_DM3,
720575940614610630,ORN_DM3,
720575940629452670,ORN_DM3,
720575940628994524,ORN_DM3,
720575940628822906,ORN_DM3,
720575940628823674,ORN_DM3,
720575940625539786,ORN_DM3,
720575940628674686,ORN_DM3,
720575940616360633,ORN_DM3,
720575940623808509,ORN_DM3,
720575940628358406,ORN_DM3,
720575940630869522,ORN_DM3,
720575940628303183,ORN_DM3,
720575940624210407,ORN_DM3,
720575940627157135,ORN_DM3,
720575940619454656,ORN_DM3,
720575940625283770,ORN_DM3,
720575940626730058,ORN_DM3,
720575940620685889,ORN_DM3,
720575940623457609,ORN_DM3,
720575940616581981,ORN_DM3,
720575940624975909,ORN_DM3,
720575940614726546,ORN_DM3,
720575940641282523,ORN_DM3,
720575940621282774,ORN_DM3,
720575940630971434,ORN_DM3,
720575940636883034,ORN_DM3,
720575940611177386,ORN_DM3,
720575940611637418,ORN_DM3,
720575940635126452,ORN_DM3,
720575940643396768,ORN_DM3,
720575940611916274,ORN_DM3,
720575940643407520,ORN_DM3,
720575940634706035,ORN_DM3,
720575940634703987,ORN_DM3,
720575940632824531,ORN_DM3,
720575940632576482,ORN_DM3,
720575940643931336,ORN_DM3,
720575940633850593,ORN_DM3,
720575940649434489,ORN_DM3,
720575940631166535,ORN_DM3,
720575940604876977,ORN_DM3,
720575940631429165,ORN_DM3,
720575940632482349,ORN_DM3,
720575940613860754,ORN_DM3,
720575940646672260,ORN_DM3,
720575940621204556,ORN_DM3,
720575940631983330,ORN_DM3,
720575940632002152,ORN_DM3,
720575940646484020,ORN_DM3,
720575940646221108,ORN_DM3,
720575940620015201,ORN_DM4,
720575940624030734,ORN_DM4,
720575940640282869,ORN_DM4,
720575940620202111,ORN_DM4,
720575940625127354,ORN_DM4,
720575940622972167,ORN_DM4,
720575940619280110,ORN_DM4,
720575940643002528,ORN_DM4,
720575940641979277,ORN_DM4,
720575940653829537,ORN_DM4,
720575940624037052,ORN_DM4,
720575940624030478,ORN_DM4,
720575940631003723,ORN_DM4,
720575940626282633,ORN_DM4,
720575940614212514,ORN_DM4,
720575940630662737,ORN_DM4,
720575940614105342,ORN_DM4,
720575940614691690,ORN_DM4,
720575940631474316,ORN_DM4,
720575940614926790,ORN_DM4,
720575940615302879,ORN_DM4,
720575940615659381,ORN_DM4,
720575940629728988,ORN_DM4,
720575940613466577,ORN_DM4,
720575940629539269,ORN_DM4,
720575940634078303,ORN_DM4,
720575940611990738,ORN_DM4,
720575940628632702,ORN_DM4,
720575940628599595,ORN_DM4,
720575940639022414,ORN_DM4,
720575940609228809,ORN_DM4,
720575940626737685,ORN_DM4,
720575940639415248,ORN_DM4,
720575940626726730,ORN_DM4,
720575940626534226,ORN_DM4,
720575940626202237,ORN_DM4,
720575940610108002,ORN_DM4,
720575940621100117,ORN_DM4,
720575940620912086,ORN_DM4,
720575940621398366,ORN_DM4,
720575940638011718,ORN_DM5,
720575940621802612,ORN_DM5,
720575940631463711,ORN_DM5,
720575940634294111,ORN_DM5,
720575940621126527,ORN_DM5,
720575940628750747,ORN_DM5,
720575940615956085,ORN_DM5,
720575940612033778,ORN_DM5,
720575940630983471,ORN_DM5,
720575940636305118,ORN_DM5,
720575940620774149,ORN_DM5,
720575940621304325,ORN_DM5,
720575940609987938,ORN_DM5,
720575940620197104,ORN_DM5,
720575940621946317,ORN_DM5,
720575940622695861,ORN_DM5,
720575940624014669,ORN_DM5,
720575940622710733,ORN_DM5,
720575940628673079,ORN_DM5,
720575940634202036,ORN_DM5,
720575940626703637,ORN_DM5,
720575940617192148,ORN_DM5,
720575940644262935,ORN_DM5,
720575940615596171,ORN_DM5,
720575940604439072,ORN_DM5,
720575940625496762,ORN_DM5,
720575940610877363,ORN_DM5,
720575940612755665,ORN_DM5,
720575940620799009,ORN_DM5,
720575940630052857,ORN_DM5,
720575940619970324,ORN_DM5,
720575940615750843,ORN_DM5,
720575940624524848,ORN_DM5,
720575940626681886,ORN_DM5,
720575940633293794,ORN_DM5,
720575940619270535,ORN_DM5,
720575940616188628,ORN_DM5,
720575940630947375,ORN_DM5,
720575940625999235,ORN_DM5,
720575940631594833,ORN_DM5,
720575940624367347,ORN_DM5,
720575940607310603,ORN_DM5,
720575940621929471,ORN_DM6,
720575940627431080,ORN_DM6,
720575940617022277,ORN_DM6,
720575940616551563,ORN_DM6,
720575940620146523,ORN_DM6,
720575940621629189,ORN_DM6,
720575940629724411,ORN_DM6,
720575940607948483,ORN_DM6,
720575940620805545,ORN_DM6,
720575940617308673,ORN_DM6,
720575940619937140,ORN_DM6,
720575940629497431,ORN_DM6,
720575940617479169,ORN_DM6,
720575940617089876,ORN_DM6,
720575940609590596,ORN_DM6,
720575940639030094,ORN_DM6,
720575940615758395,ORN_DM6,
720575940638957400,ORN_DM6,
720575940617598621,ORN_DM6,
720575940642455200,ORN_DM6,
720575940619903664,ORN_DM6,
720575940614378463,ORN_DM6,
720575940619603024,ORN_DM6,
720575940659835009,ORN_DM6,
720575940628390811,ORN_DM6,
720575940620750716,ORN_DM6,
720575940625613514,ORN_DM6,
720575940633211031,ORN_DM6,
720575940620847342,ORN_DM6,
720575940622269734,ORN_DM6,
720575940628619319,ORN_DM6,
720575940628246121,ORN_DM6,
720575940628225323,ORN_DM6,
720575940628198759,ORN_DM6,
720575940630835195,ORN_DM6,
720575940622624234,ORN_DM6,
720575940611885541,ORN_DM6,
720575940628009771,ORN_DM6,
720575940620421255,ORN_DM6,
720575940630915748,ORN_DM6,
720575940624365500,ORN_DM6,
720575940624366835,ORN_DM6,
720575940630958673,ORN_DM6,
720575940629767161,ORN_DM6,
720575940626529448,ORN_DM6,
720575940627948367,ORN_DM6,
720575940622751270,ORN_DM6,
720575940618242353,ORN_DM6,
720575940619440878,ORN_DM6,
720575940627948111,ORN_DM6,
720575940626516026,ORN_DM6,
720575940621625349,ORN_DM6,
720575940623638967,ORN_DP1l,
720575940613637782,ORN_DP1l,
720575940626107800,ORN_DP1l,
720575940631510865,ORN_DP1l,
720575940619150040,ORN_DP1l,
720575940620981274,ORN_DP1l,
720575940624853600,ORN_DP1l,
720575940630763390,ORN_DP1l,
720575940610686162,ORN_DP1l,
720575940609577518,ORN_DP1l,
720575940606915849,ORN_DP1l,
720575940620023024,ORN_DP1l,
720575940628976887,ORN_DP1l,
720575940627707753,ORN_DP1l,
720575940621740493,ORN_DP1l,
720575940643906340,ORN_DP1l,
720575940647978804,ORN_DP1l,
720575940622477508,ORN_DP1l,
720575940623267559,ORN_DP1l,
720575940628277147,ORN_DP1l,
720575940627606375,ORN_DP1l,
720575940623302669,ORN_DP1l,
720575940628285450,ORN_DP1l,
720575940653892257,ORN_DP1l,
720575940628601344,ORN_DP1m,
720575940631630893,ORN_DP1m,
720575940623087859,ORN_DP1m,
720575940622745834,ORN_DP1m,
720575940625154283,ORN_DP1m,
720575940609924306,ORN_DP1m,
720575940633883744,ORN_DP1m,
720575940638513752,ORN_DP1m,
720575940610185221,ORN_DP1m,
720575940627000582,ORN_DP1m,
720575940618293883,ORN_DP1m,
720575940645728132,ORN_DP1m,
720575940628677114,ORN_DP1m,
720575940626614405,ORN_DP1m,
720575940613664874,ORN_DP1m,
720575940628953210,ORN_DP1m,
720575940628599296,ORN_DP1m,
720575940615696490,ORN_DP1m,
720575940623274935,ORN_DP1m,
720575940608376132,ORN_DP1m,
720575940636767856,ORN_DP1m,
720575940633367377,ORN_DP1m,
720575940626811023,ORN_DP1m,
720575940619219627,ORN_DP1m,
720575940613118610,ORN_DP1m,
720575940617433142,ORN_DP1m,
720575940627214891,ORN_DP1m,
720575940642599328,ORN_DP1m,
720575940621482665,ORN_DP1m,
720575940617534676,ORN_DP1m,
720575940628264721,ORN_DP1m,
720575940622242253,ORN_DP1m,
720575940622370954,ORN_V,
720575940621479295,ORN_V,
720575940627890231,ORN_V,
720575940626329993,ORN_V,
720575940620411764,ORN_V,
720575940617989417,ORN_V,
720575940627817260,ORN_V,
720575940628499322,ORN_V,
720575940621315293,ORN_V,
720575940621321748,ORN_V,
720575940606053041,ORN_V,
720575940614053405,ORN_V,
720575940612704802,ORN_V,
720575940612700450,ORN_V,
720575940633509949,ORN_V,
720575940625795453,ORN_V,
720575940605343921,ORN_V,
720575940652581878,ORN_V,
720575940613699807,ORN_V,
720575940633802045,ORN_V,
720575940625162515,ORN_V,
720575940633817405,ORN_V,
720575940633933975,ORN_V,
720575940629009769,ORN_V,
720575940622512522,ORN_V,
720575940622519372,ORN_V,
720575940624964362,ORN_V,
720575940620511732,ORN_V,
720575940614037533,ORN_V,
720575940646094388,ORN_V,
720575940614053149,ORN_V,
720575940614054685,ORN_V,
720575940618738853,ORN_V,
720575940623334143,ORN_V,
720575940616093746,ORN_V,
720575940626822916,ORN_V,
720575940619761473,ORN_V,
720575940627586091,ORN_V,
720575940623854311,ORN_V,
720575940623831054,ORN_V,
720575940627322088,ORN_V,
720575940642968776,ORN_V,
720575940617067305,ORN_V,
720575940607637340,ORN_V,
720575940621286405,ORN_V,
720575940623771580,ORN_V,
720575940625581208,ORN_V,
720575940639449507,ORN_V,
720575940639451043,ORN_V,
720575940629644375,ORN_V,
720575940630101497,ORN_V,
720575940629854953,ORN_V,
720575940621192436,ORN_V,
720575940620024560,ORN_V,
720575940641592973,ORN_V,
720575940627265043,ORN_V,
720575940617650407,ORN_V,
720575940612901807,ORN_V,
720575940638026842,ORN_V,
720575940629338750,ORN_V,
720575940616923945,ORN_V,
720575940614548253,ORN_V,
720575940620382704,ORN_V,
720575940614548765,ORN_V,
720575940607239947,ORN_V,
720575940630696645,ORN_V,
720575940629424195,ORN_V,
720575940627069256,ORN_VA1d,
720575940614926754,ORN_VA1d,
720575940632033875,ORN_VA1d,
720575940630177068,ORN_VA1d,
720575940617172381,ORN_VA1d,
720575940617724628,ORN_VA1d,
720575940626594435,ORN_VA1d,
720575940616045106,ORN_VA1d,
720575940617730141,ORN_VA1d,
720575940615692594,ORN_VA1d,
720575940626985738,ORN_VA1d,
720575940613108186,ORN_VA1d,
720575940615094166,ORN_VA1d,
720575940628874601,ORN_VA1d,
720575940627648522,ORN_VA1d,
720575940632889313,ORN_VA1d,
720575940625658554,ORN_VA1d,
720575940614429078,ORN_VA1d,
720575940613021206,ORN_VA1d,
720575940627090521,ORN_VA1d,
720575940632391736,ORN_VA1d,
720575940621554693,ORN_VA1d,
720575940631865937,ORN_VA1d,
720575940630538752,ORN_VA1d,
720575940626800792,ORN_VA1d,
720575940614675818,ORN_VA1d,
720575940616320699,ORN_VA1d,
720575940626170826,ORN_VA1d,
720575940614006934,ORN_VA1d,
720575940631445010,ORN_VA1d,
720575940630508793,ORN_VA1d,
720575940621556928,ORN_VA1d,
720575940630276972,ORN_VA1d,
720575940617642580,ORN_VA1d,
720575940626632211,ORN_VA1d,
720575940614255522,ORN_VA1d,
720575940627327314,ORN_VA1d,
720575940631088121,ORN_VA1d,
720575940628204008,ORN_VA1d,
720575940629397763,ORN_VA1d,
720575940617552418,ORN_VA1d,
720575940614327080,ORN_VA1d,
720575940614344755,ORN_VA1d,
720575940631829900,ORN_VA1d,
720575940630249020,ORN_VA1d,
720575940616295110,ORN_VA1d,
720575940617541081,ORN_VA1d,
720575940616740491,ORN_VA1d,
720575940621613918,ORN_VA1d,
720575940623750852,ORN_VA1d,
720575940607133129,ORN_VA1d,
720575940612387555,ORN_VA1d,
720575940622966054,ORN_VA1d,
720575940612355301,ORN_VA1d,
720575940622248709,ORN_VA1d,
720575940612306138,ORN_VA1d,
720575940621138779,ORN_VA1d,
720575940623066409,ORN_VA1d,
720575940621148781,ORN_VA1d,
720575940634883179,ORN_VA1d,
720575940634884971,ORN_VA1d,
720575940623287187,ORN_VA1d,
720575940641786101,ORN_VA1d,
720575940635850488,ORN_VA1d,
720575940644562455,ORN_VA1d,
720575940641779445,ORN_VA1d,
720575940641743579,ORN_VA1d,
720575940640805877,ORN_VA1d,
720575940640326488,ORN_VA1d,
720575940623705894,ORN_VA1d,
720575940636942302,ORN_VA1d,
720575940637355497,ORN_VA1d,
720575940619601237,ORN_VA1d,
720575940639083086,ORN_VA1d,
720575940637626084,ORN_VA1d,
720575940638867526,ORN_VA1d,
720575940619749767,ORN_VA1d,
720575940638202852,ORN_VA1d,
720575940638855733,ORN_VA1d,
720575940638351332,ORN_VA1d,
720575940635935343,ORN_VA1d,
720575940622070004,ORN_VA1d,
720575940620134932,ORN_VA1d,
720575940633803104,ORN_VA1d,
720575940633543650,ORN_VA1d,
720575940620448532,ORN_VA1d,
720575940605912678,ORN_VA1d,
720575940645562990,ORN_VA1d,
720575940621122651,ORN_VA1d,
720575940622809046,ORN_VA1d,
720575940612742297,ORN_VA1d,
720575940612692915,ORN_VA1d,
720575940603870688,ORN_VA1d,
720575940625271845,ORN_VA1d,
720575940622069492,ORN_VA1d,
720575940622067956,ORN_VA1d,
720575940604499936,ORN_VA1d,
720575940623413384,ORN_VA1v,
720575940620614571,ORN_VA1v,
720575940615430806,ORN_VA1v,
720575940620532244,ORN_VA1v,
720575940621124289,ORN_VA1v,
720575940615394463,ORN_VA1v,
720575940621196826,ORN_VA1v,
720575940614932898,ORN_VA1v,
720575940639509336,ORN_VA1v,
720575940620682561,ORN_VA1v,
720575940638579428,ORN_VA1v,
720575940609393732,ORN_VA1v,
720575940616363963,ORN_VA1v,
720575940620685739,ORN_VA1v,
720575940627120536,ORN_VA1v,
720575940628244841,ORN_VA1v,
720575940605608806,ORN_VA1v,
720575940623851015,ORN_VA1v,
720575940623865597,ORN_VA1v,
720575940649430393,ORN_VA1v,
720575940614728351,ORN_VA1v,
720575940620809381,ORN_VA1v,
720575940621029615,ORN_VA1v,
720575940648455545,ORN_VA1v,
720575940630209658,ORN_VA1v,
720575940641783029,ORN_VA1v,
720575940607697282,ORN_VA1v,
720575940616908939,ORN_VA1v,
720575940622959574,ORN_VA1v,
720575940645196567,ORN_VA1v,
720575940627718929,ORN_VA1v,
720575940629199810,ORN_VA1v,
720575940627807761,ORN_VA1v,
720575940620305099,ORN_VA1v,
720575940620269039,ORN_VA1v,
720575940616867926,ORN_VA1v,
720575940628865641,ORN_VA1v,
720575940643403208,ORN_VA1v,
720575940627870952,ORN_VA1v,
720575940614647658,ORN_VA1v,
720575940627896634,ORN_VA1v,
720575940622219478,ORN_VA1v,
720575940620096341,ORN_VA1v,
720575940620781446,ORN_VA1v,
720575940642669728,ORN_VA1v,
720575940623192675,ORN_VA1v,
720575940629540546,ORN_VA1v,
720575940623228771,ORN_VA1v,
720575940629577319,ORN_VA1v,
720575940620993718,ORN_VA1v,
720575940617145483,ORN_VA1v,
720575940641842677,ORN_VA1v,
720575940606342321,ORN_VA1v,
720575940623298253,ORN_VA1v,
720575940627950312,ORN_VA1v,
720575940644870679,ORN_VA1v,
720575940628708170,ORN_VA1v,
720575940630648438,ORN_VA1v,
720575940633036371,ORN_VA1v,
720575940622091340,ORN_VA1v,
720575940624384007,ORN_VA1v,
720575940625670602,ORN_VA1v,
720575940611116386,ORN_VA1v,
720575940632389688,ORN_VA1v,
720575940611160952,ORN_VA1v,
720575940624508341,ORN_VA1v,
720575940631077369,ORN_VA1v,
720575940631083769,ORN_VA1v,
720575940619445464,ORN_VA1v,
720575940635459947,ORN_VA1v,
720575940612747434,ORN_VA1v,
720575940635011935,ORN_VA1v,
720575940631321618,ORN_VA1v,
720575940621531312,ORN_VA1v,
720575940626183443,ORN_VA1v,
720575940621396390,ORN_VA1v,
720575940625288423,ORN_VA1v,
720575940631615800,ORN_VA1v,
720575940633983639,ORN_VA1v,
720575940631986499,ORN_VA1v,
720575940612564338,ORN_VA1v,
720575940620833985,ORN_VA1v,
720575940614117374,ORN_VA1v,
720575940624382727,ORN_VA1v,
720575940613502435,ORN_VA1v,
720575940610611758,ORN_VA1v,
720575940610384994,ORN_VA1v,
720575940630737403,ORN_VA1v,
720575940621515190,ORN_VA1v,
720575940619062686,ORN_VA1v,
720575940614487215,ORN_VA1v,
720575940637639396,ORN_VA1v,
720575940612844202,ORN_VA1v,
720575940632633400,ORN_VA1v,
720575940629263872,ORN_VA2,
720575940646120324,ORN_VA2,
720575940634530155,ORN_VA2,
720575940644076398,ORN_VA2,
720575940614014431,ORN_VA2,
720575940629232492,ORN_VA2,
720575940617009638,ORN_VA2,
720575940621326874,ORN_VA2,
720575940638852736,ORN_VA2,
720575940646142004,ORN_VA2,
720575940618512331,ORN_VA2,
720575940644028452,ORN_VA2,
720575940619360532,ORN_VA2,
720575940610999794,ORN_VA2,
720575940606108862,ORN_VA2,
720575940613509010,ORN_VA2,
720575940638410611,ORN_VA2,
720575940616205405,ORN_VA2,
720575940633668031,ORN_VA2,
720575940627737073,ORN_VA2,
720575940645211939,ORN_VA2,
720575940617681822,ORN_VA2,
720575940622833577,ORN_VA2,
720575940616194397,ORN_VA2,
720575940613666666,ORN_VA2,
720575940620831265,ORN_VA2,
720575940616486795,ORN_VA2,
720575940645576756,ORN_VA2,
720575940622063871,ORN_VA2,
720575940626879484,ORN_VA2,
720575940620319329,ORN_VA2,
720575940625757053,ORN_VA2,
720575940646540910,ORN_VA2,
720575940631203896,ORN_VA2,
720575940626530564,ORN_VA2,
720575940641372112,ORN_VA2,
720575940611218418,ORN_VA2,
720575940623801276,ORN_VA2,
720575940626571592,ORN_VA2,
720575940625383299,ORN_VA2,
720575940623482355,ORN_VA2,
720575940636052080,ORN_VA2,
720575940628641871,ORN_VA2,
720575940605834626,ORN_VA2,
720575940610922202,ORN_VA2,
720575940621821004,ORN_VA2,
720575940639448528,ORN_VA2,
720575940621808227,ORN_VA2,
720575940620555252,ORN_VA2,
720575940620572933,ORN_VA2,
720575940640027637,ORN_VA2,
720575940632315106,ORN_VA2,
720575940607811420,ORN_VA2,
720575940637846069,ORN_VA2,
720575940631174431,ORN_VA2,
720575940620822049,ORN_VA2,
720575940620030384,ORN_VA2,
720575940620028080,ORN_VA2,
720575940614833567,ORN_VA2,
720575940645214243,ORN_VA2,
720575940629677655,ORN_VA2,
720575940632356066,ORN_VA2,
720575940624096708,ORN_VA2,
720575940614257986,ORN_VA2,
720575940611237034,ORN_VA2,
720575940619093524,ORN_VA2,
720575940611369938,ORN_VA2,
720575940613011375,ORN_VA3,
720575940621044863,ORN_VA3,
720575940621873677,ORN_VA3,
720575940620418032,ORN_VA3,
720575940622517530,ORN_VA3,
720575940621124033,ORN_VA3,
720575940632108205,ORN_VA3,
720575940625368578,ORN_VA3,
720575940629454974,ORN_VA3,
720575940621897496,ORN_VA3,
720575940619674840,ORN_VA3,
720575940610015586,ORN_VA3,
720575940630285007,ORN_VA3,
720575940626607626,ORN_VA3,
720575940630174208,ORN_VA3,
720575940630132754,ORN_VA3,
720575940608324994,ORN_VA3,
720575940619974193,ORN_VA3,
720575940626451864,ORN_VA3,
720575940629611996,ORN_VA3,
720575940635081464,ORN_VA3,
720575940614426799,ORN_VA3,
720575940629043817,ORN_VA3,
720575940629009786,ORN_VA3,
720575940629098618,ORN_VA3,
720575940634483704,ORN_VA3,
720575940625502595,ORN_VA3,
720575940624849040,ORN_VA3,
720575940643240904,ORN_VA3,
720575940630991308,ORN_VA4,
720575940610318542,ORN_VA4,
720575940630532439,ORN_VA4,
720575940616475732,ORN_VA4,
720575940631620712,ORN_VA4,
720575940638719064,ORN_VA4,
720575940631620177,ORN_VA4,
720575940610605530,ORN_VA4,
720575940634023860,ORN_VA4,
720575940639443328,ORN_VA4,
720575940631247431,ORN_VA4,
720575940611791834,ORN_VA4,
720575940630105851,ORN_VA4,
720575940630093174,ORN_VA4,
720575940629162870,ORN_VA4,
720575940631498040,ORN_VA4,
720575940631953619,ORN_VA4,
720575940639246195,ORN_VA4,
720575940631239076,ORN_VA4,
720575940629296254,ORN_VA4,
720575940616704581,ORN_VA4,
720575940626138378,ORN_VA4,
720575940623594248,ORN_VA4,
720575940619804582,ORN_VA4,
720575940625708554,ORN_VA4,
720575940628210255,ORN_VA4,
720575940619188139,ORN_VA4,
720575940624066279,ORN_VA4,
720575940616599069,ORN_VA4,
720575940626012433,ORN_VA4,
720575940620408560,ORN_VA4,
720575940616929241,ORN_VA5,
720575940630688709,ORN_VA5,
720575940631930415,ORN_VA5,
720575940630547019,ORN_VA5,
720575940617754653,ORN_VA5,
720575940623623687,ORN_VA5,
720575940605309542,ORN_VA5,
720575940630331643,ORN_VA5,
720575940630210682,ORN_VA5,
720575940624974266,ORN_VA5,
720575940607375881,ORN_VA5,
720575940623367607,ORN_VA5,
720575940621674108,ORN_VA6,
720575940614174943,ORN_VA6,
720575940609114436,ORN_VA6,
720575940621456349,ORN_VA6,
720575940621943139,ORN_VA6,
720575940627334782,ORN_VA6,
720575940627397386,ORN_VA6,
720575940641119885,ORN_VA6,
720575940607818965,ORN_VA6,
720575940620654145,ORN_VA6,
720575940622492637,ORN_VA6,
720575940630704953,ORN_VA6,
720575940617034013,ORN_VA6,
720575940621914381,ORN_VA6,
720575940622494215,ORN_VA6,
720575940620543067,ORN_VA6,
720575940629528827,ORN_VA6,
720575940651502070,ORN_VA6,
720575940626744744,ORN_VA6,
720575940629620731,ORN_VA6,
720575940626769064,ORN_VA6,
720575940617674141,ORN_VA6,
720575940630044409,ORN_VA6,
720575940627494249,ORN_VA6,
720575940644366536,ORN_VA6,
720575940630726095,ORN_VA6,
720575940611117425,ORN_VA6,
720575940639182680,ORN_VA6,
720575940631639570,ORN_VA6,
720575940618645963,ORN_VA6,
720575940638667846,ORN_VA6,
720575940604645478,ORN_VA6,
720575940633837247,ORN_VA6,
720575940616417169,ORN_VA6,
720575940628565776,ORN_VA6,
720575940621349590,ORN_VA6,
720575940612204723,ORN_VA6,
720575940612105586,ORN_VA6,
720575940621343142,ORN_VA6,
720575940619418304,ORN_VA6,
720575940635596901,ORN_VA6,
720575940624598460,ORN_VA6,
720575940636998463,ORN_VA6,
720575940621291852,ORN_VA6,
720575940610036834,ORN_VA6,
720575940625589593,ORN_VA6,
720575940610081746,ORN_VA6,
720575940621072297,ORN_VA6,
720575940622342852,ORN_VA6,
720575940616322397,ORN_VA6,
720575940622363332,ORN_VA6,
720575940621285452,ORN_VA6,
720575940625884541,ORN_VA6,
720575940639025998,ORN_VA6,
720575940618806101,ORN_VA6,
720575940621767629,ORN_VA6,
720575940631930060,ORN_VA6,
720575940653764257,ORN_VA6,
720575940625855833,ORN_VA6,
720575940625671426,ORN_VA6,
720575940609065774,ORN_VA7l,
720575940611985174,ORN_VA7l,
720575940615856779,ORN_VA7l,
720575940623646537,ORN_VA7l,
720575940615719029,ORN_VA7l,
720575940632458195,ORN_VA7l,
720575940621904166,ORN_VA7l,
720575940634083479,ORN_VA7l,
720575940619896047,ORN_VA7l,
720575940609845454,ORN_VA7l,
720575940632333395,ORN_VA7l,
720575940634913911,ORN_VA7l,
720575940634595679,ORN_VA7l,
720575940614147178,ORN_VA7l,
720575940629265602,ORN_VA7l,
720575940622332771,ORN_VA7l,
720575940615750075,ORN_VA7m,
720575940613785041,ORN_VA7m,
720575940639836624,ORN_VA7m,
720575940633662615,ORN_VA7m,
720575940631639097,ORN_VA7m,
720575940628372327,ORN_VA7m,
720575940621844137,ORN_VA7m,
720575940623729907,ORN_VA7m,
720575940628958842,ORN_VA7m,
720575940629521260,ORN_VA7m,
720575940638871128,ORN_VA7m,
720575940626601093,ORN_VA7m,
720575940648931705,ORN_VA7m,
720575940603659488,ORN_VA7m,
720575940632432184,ORN_VA7m,
720575940621396044,ORN_VA7m,
720575940636002679,ORN_VA7m,
720575940631998511,ORN_VA7m,
720575940636256398,ORN_VA7m,
720575940622360358,ORN_VA7m,
720575940605661361,ORN_VA7m,
720575940619674795,ORN_VA7m,
720575940638402357,ORN_VC1,
720575940634057976,ORN_VC1,
720575940628624956,ORN_VC1,
720575940633422490,ORN_VC1,
720575940627154063,ORN_VC1,
720575940613051699,ORN_VC1,
720575940632351513,ORN_VC1,
720575940639053885,ORN_VC1,
720575940633731435,ORN_VC1,
720575940653295009,ORN_VC1,
720575940608508228,ORN_VC1,
720575940638165875,ORN_VC1,
720575940607459849,ORN_VC1,
720575940621309534,ORN_VC1,
720575940626565907,ORN_VC1,
720575940627239848,ORN_VC1,
720575940620522305,ORN_VC1,
720575940615809366,ORN_VC1,
720575940634818296,ORN_VC1,
720575940611966194,ORN_VC1,
720575940625754643,ORN_VC1,
720575940631234643,ORN_VC1,
720575940618343734,ORN_VC1,
720575940629518892,ORN_VC1,
720575940628478251,ORN_VC1,
720575940614155882,ORN_VC1,
720575940643757422,ORN_VC2,
720575940626698568,ORN_VC2,
720575940631941587,ORN_VC2,
720575940607641557,ORN_VC2,
720575940621590720,ORN_VC2,
720575940620621665,ORN_VC2,
720575940631934023,ORN_VC2,
720575940607865180,ORN_VC2,
720575940631512376,ORN_VC2,
720575940652101622,ORN_VC2,
720575940616179286,ORN_VC2,
720575940629235159,ORN_VC2,
720575940620603489,ORN_VC2,
720575940620671512,ORN_VC2,
720575940624369968,ORN_VC2,
720575940629349164,ORN_VC2,
720575940624595132,ORN_VC2,
720575940635745855,ORN_VC2,
720575940637002574,ORN_VC2,
720575940634991215,ORN_VC2,
720575940616480852,ORN_VC2,
720575940624147600,ORN_VC2,
720575940645941102,ORN_VC2,
720575940610682578,ORN_VC2,
720575940634468975,ORN_VC2,
720575940615767739,ORN_VC2,
720575940629249591,ORN_VC2,
720575940638804669,ORN_VC2,
720575940633857687,ORN_VC2,
720575940616815005,ORN_VC3,ORN_VC3l
720575940622288008,ORN_VC3,ORN_VC3l
720575940622526355,ORN_VC3,ORN_VC3l
720575940622509203,ORN_VC3,ORN_VC3l
720575940624491402,ORN_VC3,ORN_VC3l
720575940630424121,ORN_VC3,ORN_VC3l
720575940633080033,ORN_VC3,ORN_VC3l
720575940619111883,ORN_VC3,ORN_VC3l
720575940611068053,ORN_VC3,ORN_VC3l
720575940611662706,ORN_VC3,ORN_VC3l
720575940625305884,ORN_VC3,ORN_VC3l
720575940640331995,ORN_VC3,ORN_VC3l
720575940628981036,ORN_VC3,ORN_VC3l
720575940613740950,ORN_VC3,ORN_VC3l
720575940624859834,ORN_VC3,ORN_VC3l
720575940628702658,ORN_VC3,ORN_VC3l
720575940610287566,ORN_VC3,ORN_VC3l
720575940623721703,ORN_VC3,ORN_VC3l
720575940626240522,ORN_VC3,ORN_VC3l
720575940623708135,ORN_VC3,ORN_VC3l
720575940611773354,ORN_VC3,ORN_VC3l
720575940621585507,ORN_VC3,ORN_VC3l
720575940652064502,ORN_VC3,ORN_VC3l
720575940626893834,ORN_VC3,ORN_VC3l
720575940629178108,ORN_VC3,ORN_VC3l
720575940620386742,ORN_VC3,ORN_VC3l
720575940617007453,ORN_VC3,ORN_VC3l
720575940645345332,ORN_VC3,ORN_VC3l
720575940622961604,ORN_VC3,ORN_VC3l
720575940615257395,ORN_VC3,ORN_VC3l
720575940614778124,ORN_VC3,ORN_VC3l
720575940622736934,ORN_VC4,
720575940613053393,ORN_VC4,
720575940638666805,ORN_VC4,
720575940631595562,ORN_VC4,
720575940651553014,ORN_VC4,
720575940617038593,ORN_VC4,
720575940617362150,ORN_VC4,
720575940642780832,ORN_VC4,
720575940642936264,ORN_VC4,
720575940628408143,ORN_VC4,
720575940604704870,ORN_VC4,
720575940633991263,ORN_VC4,
720575940624641680,ORN_VC4,
720575940619314964,ORN_VC4,
720575940613396130,ORN_VC4,
720575940612559587,ORN_VC4,
720575940627060476,ORN_VC4,
720575940615833174,ORN_VC4,
720575940626997912,ORN_VC4,
720575940617094429,ORN_VC4,
720575940639619792,ORN_VC4,
720575940629373148,ORN_VC4,
720575940608273163,ORN_VC4,
720575940624091061,ORN_VC5,ORN_VC3m
720575940610519747,ORN_VC5,ORN_VC3m
720575940628290895,ORN_VC5,ORN_VC3m
720575940630196588,ORN_VC5,ORN_VC3m
720575940619429803,ORN_VC5,ORN_VC3m
720575940631353764,ORN_VC5,ORN_VC3m
720575940619430571,ORN_VC5,ORN_VC3m
720575940630107131,ORN_VC5,ORN_VC3m
720575940638678179,ORN_VC5,ORN_VC3m
720575940626253331,ORN_VC5,ORN_VC3m
720575940621137833,ORN_VC5,ORN_VC3m
720575940639004032,ORN_VC5,ORN_VC3m
720575940626812072,ORN_VC5,ORN_VC3m
720575940630514191,ORN_VC5,ORN_VC3m
720575940625813081,ORN_VC5,ORN_VC3m
720575940632284717,ORN_VC5,ORN_VC3m
720575940620705012,ORN_VC5,ORN_VC3m
720575940644667246,ORN_VC5,ORN_VC3m
720575940615831947,ORN_VC5,ORN_VC3m
720575940616857757,ORN_VC5,ORN_VC3m
720575940613736941,ORN_VC5,ORN_VC3m
720575940614430102,ORN_VC5,ORN_VC3m
720575940625889625,ORN_VC5,ORN_VC3m
720575940604700006,ORN_VC5,ORN_VC3m
720575940623943914,ORN_VC5,ORN_VC3m
720575940610102830,ORN_VL1,
720575940618845504,ORN_VL1,
720575940606939849,ORN_VL1,
720575940632258468,ORN_VL1,
720575940632252068,ORN_VL1,
720575940619117039,ORN_VL1,
720575940629310969,ORN_VL1,
720575940610604437,ORN_VL1,
720575940623655605,ORN_VL1,
720575940625742725,ORN_VL1,
720575940638931133,ORN_VL1,
720575940627128969,ORN_VL1,
720575940627732296,ORN_VL1,
720575940606697650,ORN_VL1,
720575940608634837,ORN_VL1,
720575940633867927,ORN_VL1,
720575940616300486,ORN_VL1,
720575940638642560,ORN_VL1,
720575940623941961,ORN_VL1,
720575940617232477,ORN_VL1,
720575940623940681,ORN_VL1,
720575940623820725,ORN_VL1,
720575940617182045,ORN_VL1,
720575940612631761,ORN_VL1,
720575940610241860,ORN_VL1,
720575940632335953,ORN_VL1,
720575940625275280,ORN_VL1,
720575940625358157,ORN_VL1,
720575940631487652,ORN_VL1,
720575940633811005,ORN_VL1,
720575940633813309,ORN_VL1,
720575940613944785,ORN_VL1,
720575940604552894,ORN_VL1,
720575940631458335,ORN_VL1,
720575940613886687,ORN_VL1,
720575940632110637,ORN_VL1,
720575940619318619,ORN_VL1,
720575940635465573,ORN_VL1,
720575940628989562,ORN_VL1,
720575940611504869,ORN_VL1,
720575940620296107,ORN_VL1,
720575940621715550,ORN_VL1,
720575940630956601,ORN_VL1,
720575940635026272,ORN_VL1,
720575940637771829,ORN_VL1,
720575940617733593,ORN_VL1,
720575940629587031,ORN_VL1,
720575940626593618,ORN_VL1,
720575940623361427,ORN_VL1,
720575940629414903,ORN_VL1,
720575940635304116,ORN_VL1,
720575940630824239,ORN_VL1,
720575940623242476,ORN_VL1,
720575940637387098,ORN_VL1,
720575940619566507,ORN_VL1,
720575940630759485,ORN_VL1,
720575940617723878,ORN_VL1,
720575940635465317,ORN_VL1,
720575940611478681,ORN_VL1,
720575940640604951,ORN_VL1,
720575940629453694,ORN_VL1,
720575940607896843,ORN_VL1,
720575940634407263,ORN_VL1,
720575940630465500,ORN_VL1,
720575940620139503,ORN_VL1,
720575940631025103,ORN_VL1,
720575940607626453,ORN_VL1,
720575940631152440,ORN_VL1,
720575940614122803,ORN_VL1,
720575940630462572,ORN_VL1,
720575940626252062,ORN_VL1,
720575940624471020,ORN_VL1,
720575940646033028,ORN_VL1,
720575940620595821,ORN_VL1,
720575940619969329,ORN_VL1,
720575940612070769,ORN_VL1,
720575940617971613,ORN_VL1,
720575940630630248,ORN_VL1,
720575940631089657,ORN_VL1,
720575940626925480,ORN_VL1,
720575940636754533,ORN_VL2a,
720575940611578794,ORN_VL2a,
720575940632364881,ORN_VL2a,
720575940618938964,ORN_VL2a,
720575940627452668,ORN_VL2a,
720575940625720890,ORN_VL2a,
720575940635593358,ORN_VL2a,
720575940615650646,ORN_VL2a,
720575940615903547,ORN_VL2a,
720575940619559956,ORN_VL2a,
720575940627129672,ORN_VL2a,
720575940619434689,ORN_VL2a,
720575940627144010,ORN_VL2a,
720575940619331163,ORN_VL2a,
720575940625050826,ORN_VL2a,
720575940624990782,ORN_VL2a,
720575940619401199,ORN_VL2a,
720575940616076219,ORN_VL2a,
720575940634570744,ORN_VL2a,
720575940624095246,ORN_VL2a,
720575940634622303,ORN_VL2a,
720575940616940405,ORN_VL2a,
720575940606357122,ORN_VL2a,
720575940621019120,ORN_VL2a,
720575940633475991,ORN_VL2a,
720575940633366483,ORN_VL2a,
720575940634967915,ORN_VL2a,
720575940615825211,ORN_VL2a,
720575940629271863,ORN_VL2a,
720575940616698769,ORN_VL2a,
720575940612951789,ORN_VL2a,
720575940654499745,ORN_VL2a,
720575940620519088,ORN_VL2a,
720575940614742214,ORN_VL2a,
720575940646136964,ORN_VL2a,
720575940631318609,ORN_VL2a,
720575940609533635,ORN_VL2a,
720575940623334837,ORN_VL2a,
720575940626868361,ORN_VL2a,
720575940650822265,ORN_VL2a,
720575940617895744,ORN_VL2a,
720575940631727308,ORN_VL2a,
720575940631711021,ORN_VL2a,
720575940614258082,ORN_VL2a,
720575940617209940,ORN_VL2a,
720575940623472264,ORN_VL2a,
720575940618759128,ORN_VL2a,
720575940631903299,ORN_VL2a,
720575940625953466,ORN_VL2a,
720575940607059634,ORN_VL2a,
720575940613875858,ORN_VL2a,
720575940623603495,ORN_VL2a,
720575940625728899,ORN_VL2a,
720575940622046633,ORN_VL2a,
720575940626197532,ORN_VL2a,
720575940628953088,ORN_VL2a,
720575940622550251,ORN_VL2a,
720575940631413585,ORN_VL2a,
720575940623706867,ORN_VL2a,
720575940631425361,ORN_VL2a,
720575940628868352,ORN_VL2a,
720575940629918459,ORN_VL2a,
720575940644316360,ORN_VL2a,
720575940621926536,ORN_VL2a,
720575940609586901,ORN_VL2a,
720575940616844859,ORN_VL2a,
720575940616844347,ORN_VL2a,
720575940621921501,ORN_VL2a,
720575940620082096,ORN_VL2a,
720575940629908350,ORN_VL2a,
720575940632063396,ORN_VL2a,
720575940628707600,ORN_VL2p,
720575940638564797,ORN_VL2p,
720575940624366323,ORN_VL2p,
720575940621166719,ORN_VL2p,
720575940633642391,ORN_VL2p,
720575940626111761,ORN_VL2p,
720575940645722660,ORN_VL2p,
720575940611261098,ORN_VL2p,
720575940629239852,ORN_VL2p,
720575940653913505,ORN_VL2p,
720575940633915327,ORN_VL2p,
720575940631090759,ORN_VL2p,
720575940611056846,ORN_VL2p,
720575940612615149,ORN_VL2p,
720575940618960555,ORN_VL2p,
720575940631084684,ORN_VL2p,
720575940624878992,ORN_VL2p,
720575940614898037,ORN_VL2p,
720575940631885485,ORN_VL2p,
720575940614890642,ORN_VL2p,
720575940646308740,ORN_VL2p,
720575940624227509,ORN_VL2p,
720575940635114347,ORN_VL2p,
720575940623464683,ORN_VL2p,
720575940628769662,ORN_VL2p,
720575940617899584,ORN_VL2p,
720575940612800153,ORN_VL2p,
720575940639195776,ORN_VL2p,
720575940611475370,ORN_VM1,
720575940617720221,ORN_VM1,
720575940620036417,ORN_VM1,
720575940611430117,ORN_VM1,
720575940626851471,ORN_VM1,
720575940635399160,ORN_VM1,
720575940626354954,ORN_VM1,
720575940605929394,ORN_VM1,
720575940636809950,ORN_VM1,
720575940627451388,ORN_VM1,
720575940629075191,ORN_VM1,
720575940629151031,ORN_VM1,
720575940619403028,ORN_VM1,
720575940629226044,ORN_VM1,
720575940628553731,ORN_VM1,
720575940621429068,ORN_VM1,
720575940638914648,ORN_VM1,
720575940631632844,ORN_VM1,
720575940631741983,ORN_VM1,
720575940626048637,ORN_VM1,
720575940612621721,ORN_VM1,
720575940633553760,ORN_VM1,
720575940616793669,ORN_VM1,
720575940632920545,ORN_VM1,
720575940627043048,ORN_VM1,
720575940611984114,ORN_VM2,
720575940637619509,ORN_VM2,
720575940627629315,ORN_VM2,
720575940629721399,ORN_VM2,
720575940619097816,ORN_VM2,
720575940619996582,ORN_VM2,
720575940635095321,ORN_VM2,
720575940633221657,ORN_VM2,
720575940625520412,ORN_VM2,
720575940629423994,ORN_VM2,
720575940613911186,ORN_VM2,
720575940632792089,ORN_VM2,
720575940633250530,ORN_VM2,
720575940632731105,ORN_VM2,
720575940617712438,ORN_VM2,
720575940619903215,ORN_VM2,
720575940619793134,ORN_VM2,
720575940628790142,ORN_VM2,
720575940620979888,ORN_VM2,
720575940630384246,ORN_VM2,
720575940638915160,ORN_VM2,
720575940617208354,ORN_VM2,
720575940629337470,ORN_VM2,
720575940619576912,ORN_VM2,
720575940635323255,ORN_VM2,
720575940622441107,ORN_VM2,
720575940624061116,ORN_VM2,
720575940619163783,ORN_VM2,
720575940639442595,ORN_VM2,
720575940614110866,ORN_VM2,
720575940659150977,ORN_VM2,
720575940617180445,ORN_VM2,
720575940645917492,ORN_VM2,
720575940640262645,ORN_VM2,
720575940617166882,ORN_VM2,
720575940622399172,ORN_VM2,
720575940612166553,ORN_VM2,
720575940616534201,ORN_VM3,
720575940637731817,ORN_VM3,
720575940625890712,ORN_VM3,
720575940615987083,ORN_VM3,
720575940631956397,ORN_VM3,
720575940612137714,ORN_VM3,
720575940620123558,ORN_VM3,
720575940630811449,ORN_VM3,
720575940611406821,ORN_VM3,
720575940638822515,ORN_VM3,
720575940617258821,ORN_VM3,
720575940630043599,ORN_VM3,
720575940626688529,ORN_VM3,
720575940632510163,ORN_VM3,
720575940628323943,ORN_VM3,
720575940617390149,ORN_VM3,
720575940625712985,ORN_VM3,
720575940619514816,ORN_VM3,
720575940615885195,ORN_VM3,
720575940631141516,ORN_VM3,
720575940625215416,ORN_VM3,
720575940622916075,ORN_VM3,
720575940612024342,ORN_VM3,
720575940628897280,ORN_VM3,
720575940622687880,ORN_VM3,
720575940613481256,ORN_VM3,
720575940604662444,ORN_VM3,
720575940624828464,ORN_VM3,
720575940659274881,ORN_VM3,
720575940640851189,ORN_VM3,
720575940638434357,ORN_VM3,
720575940632897561,ORN_VM3,
720575940611223794,ORN_VM3,
720575940622452006,ORN_VM3,
720575940624963917,ORN_VM3,
720575940625495298,ORN_VM3,
720575940613084625,ORN_VM3,
720575940609785208,ORN_VM4,
720575940622915030,ORN_VM4,
720575940605250238,ORN_VM4,
720575940622538790,ORN_VM4,
720575940607580171,ORN_VM4,
720575940638772387,ORN_VM4,
720575940622134285,ORN_VM4,
720575940623481608,ORN_VM4,
720575940622289919,ORN_VM4,
720575940619649195,ORN_VM4,
720575940644429934,ORN_VM4,
720575940620477556,ORN_VM4,
720575940623509256,ORN_VM4,
720575940637906502,ORN_VM4,
720575940607958229,ORN_VM4,
720575940624180668,ORN_VM4,
720575940639166336,ORN_VM4,
720575940637747526,ORN_VM4,
720575940619690118,ORN_VM4,
720575940624390477,ORN_VM4,
720575940645858868,ORN_VM4,
720575940620020845,ORN_VM4,
720575940622663629,ORN_VM4,
720575940619689350,ORN_VM4,
720575940610926762,ORN_VM4,
720575940639099264,ORN_VM4,
720575940645325603,ORN_VM4,
720575940620406900,ORN_VM4,
720575940616546521,ORN_VM4,
720575940611153370,ORN_VM4,
720575940629829391,ORN_VM4,
720575940634648568,ORN_VM4,
720575940624980261,ORN_VM4,
720575940621423999,ORN_VM4,
720575940626849423,ORN_VM4,
720575940626826005,ORN_VM4,
720575940626756117,ORN_VM4,
720575940620814463,ORN_VM4,
720575940621529053,ORN_VM4,
720575940614583618,ORN_VM4,
720575940630716995,ORN_VM4,
720575940621514509,ORN_VM4,
720575940636679390,ORN_VM4,
720575940626480124,ORN_VM4,
720575940619051009,ORN_VM4,
720575940612971816,ORN_VM4,
720575940632729313,ORN_VM4,
720575940621438284,ORN_VM4,
720575940621437004,ORN_VM4,
720575940618610311,ORN_VM4,
720575940613999263,ORN_VM4,
720575940613974890,ORN_VM4,
720575940631494687,ORN_VM4,
720575940625888089,ORN_VM4,
720575940613156015,ORN_VM4,
720575940613161267,ORN_VM4,
720575940613196781,ORN_VM4,
720575940627140348,ORN_VM4,
720575940621648861,ORN_VM4,
720575940625136228,ORN_VM4,
720575940616138811,ORN_VM4,
720575940621896653,ORN_VM4,
720575940622075928,ORN_VM4,
720575940635592805,ORN_VM4,
720575940616756993,ORN_VM4,
720575940627964715,ORN_VM4,
720575940616858086,ORN_VM4,
720575940635342949,ORN_VM4,
720575940627510409,ORN_VM4,
720575940629236183,ORN_VM4,
720575940629455068,ORN_VM4,
720575940624702541,ORN_VM4,
720575940618802123,ORN_VM4,
720575940627311108,ORN_VM4,
720575940624736400,ORN_VM4,
720575940617483318,ORN_VM5d,
720575940616220765,ORN_VM5d,
720575940623610919,ORN_VM5d,
720575940631393823,ORN_VM5d,
720575940629527670,ORN_VM5d,
720575940626907923,ORN_VM5d,
720575940630105931,ORN_VM5d,
720575940620993193,ORN_VM5d,
720575940629524342,ORN_VM5d,
720575940631737005,ORN_VM5d,
720575940631737261,ORN_VM5d,
720575940616601345,ORN_VM5d,
720575940639114557,ORN_VM5d,
720575940628565114,ORN_VM5d,
720575940603871404,ORN_VM5d,
720575940625852446,ORN_VM5d,
720575940603430112,ORN_VM5d,
720575940613563538,ORN_VM5d,
720575940631201311,ORN_VM5d,
720575940620250294,ORN_VM5d,
720575940627811995,ORN_VM5d,
720575940628888375,ORN_VM5d,
720575940622230310,ORN_VM5d,
720575940626860487,ORN_VM5d,
720575940614724038,ORN_VM5d,
720575940606126514,ORN_VM5d,
720575940622655782,ORN_VM5d,
720575940607221771,ORN_VM5d,
720575940614634346,ORN_VM5d,
720575940620356468,ORN_VM5d,
720575940620056496,ORN_VM5d,
720575940622268454,ORN_VM5d,
720575940617498166,ORN_VM5d,
720575940623322697,ORN_VM5d,
720575940630912908,ORN_VM5d,
720575940626584904,ORN_VM5d,
720575940620783898,ORN_VM5d,
720575940626582088,ORN_VM5d,
720575940617496886,ORN_VM5d,
720575940620574817,ORN_VM5d,
720575940626356306,ORN_VM5d,
720575940626307922,ORN_VM5d,
720575940629543644,ORN_VM5d,
720575940625485657,ORN_VM5d,
720575940632733651,ORN_VM5d,
720575940634365620,ORN_VM5d,
720575940625818426,ORN_VM5d,
720575940612881105,ORN_VM5d,
720575940638214470,ORN_VM5d,
720575940625492057,ORN_VM5d,
720575940625383155,ORN_VM5d,
720575940611844886,ORN_VM5d,
720575940632677145,ORN_VM5d,
720575940610700181,ORN_VM5d,
720575940633313376,ORN_VM5d,
720575940633353568,ORN_VM5d,
720575940619298731,ORN_VM5d,
720575940638422387,ORN_VM5d,
720575940625298690,ORN_VM5d,
720575940633713087,ORN_VM5d,
720575940619297963,ORN_VM5d,
720575940638645592,ORN_VM5d,
720575940638860672,ORN_VM5d,
720575940619445382,ORN_VM5d,
720575940619798381,ORN_VM5d,
720575940632308684,ORN_VM5d,
720575940613337086,ORN_VM5d,
720575940629677509,ORN_VM5v,
720575940626581525,ORN_VM5v,
720575940603911340,ORN_VM5v,
720575940624121358,ORN_VM5v,
720575940649429625,ORN_VM5v,
720575940615681366,ORN_VM5v,
720575940632404706,ORN_VM5v,
720575940624062612,ORN_VM5v,
720575940619681600,ORN_VM5v,
720575940623235848,ORN_VM5v,
720575940613201814,ORN_VM5v,
720575940616924701,ORN_VM5v,
720575940630642447,ORN_VM5v,
720575940638894976,ORN_VM5v,
720575940626618696,ORN_VM5v,
720575940622705335,ORN_VM5v,
720575940616356281,ORN_VM5v,
720575940621378580,ORN_VM5v,
720575940628599746,ORN_VM5v,
720575940632624813,ORN_VM5v,
720575940634860143,ORN_VM5v,
720575940639487440,ORN_VM5v,
720575940631680763,ORN_VM5v,
720575940631191353,ORN_VM6l,ORN_VC5
720575940620023261,ORN_VM6l,ORN_VC5
720575940611111907,ORN_VM6l,ORN_VC5
720575940633998687,ORN_VM6l,ORN_VC5
720575940625611139,ORN_VM6l,ORN_VC5
720575940610189358,ORN_VM6l,ORN_VC5
720575940619410123,ORN_VM6l,ORN_VC5
720575940628335183,ORN_VM6l,ORN_VC5
720575940626630699,ORN_VM6l,ORN_VC5
720575940607510027,ORN_VM6l,ORN_VC5
720575940632239661,ORN_VM6l,ORN_VC5
720575940616903209,ORN_VM6l,ORN_VC5
720575940650894457,ORN_VM6l,ORN_VC5
720575940626829992,ORN_VM6l,ORN_VC5
720575940617109597,ORN_VM6l,ORN_VC5
720575940639093411,ORN_VM6l,ORN_VC5
720575940639186264,ORN_VM6l,ORN_VC5
720575940606460873,ORN_VM6l,ORN_VC5
720575940629390970,ORN_VM6l,ORN_VC5
720575940633909695,ORN_VM6l,ORN_VC5
720575940635561584,ORN_VM6l,ORN_VC5
720575940627171089,ORN_VM6m,ORN_VC5
720575940629821756,ORN_VM6m,ORN_VC5
720575940622761864,ORN_VM6m,ORN_VC5
720575940607085323,ORN_VM6m,ORN_VC5
720575940617208098,ORN_VM6m,ORN_VC5
720575940615112646,ORN_VM6m,ORN_VC5
720575940616944251,ORN_VM6m,ORN_VC5
720575940610694866,ORN_VM6m,ORN_VC5
720575940615994907,ORN_VM6m,ORN_VC5
720575940613508970,ORN_VM6m,ORN_VC5
720575940635214734,ORN_VM6m,ORN_VC5
720575940618784891,ORN_VM6m,ORN_VC5
720575940639088885,ORN_VM6m,ORN_VC5
720575940631911761,ORN_VM6m,ORN_VC5
720575940635999918,ORN_VM6m,ORN_VC5
720575940625670842,ORN_VM6m,ORN_VC5
720575940611085518,ORN_VM6m,ORN_VC5
720575940628837436,ORN_VM6m,ORN_VC5
720575940626299678,ORN_VM6m,ORN_VC5
720575940620177601,ORN_VM6m,ORN_VC5
720575940626349957,ORN_VM6m,ORN_VC5
720575940617990953,ORN_VM6m,ORN_VC5
720575940617984297,ORN_VM6m,ORN_VC5
720575940619565648,ORN_VM6m,ORN_VC5
720575940616903465,ORN_VM6m,ORN_VC5
720575940616923433,ORN_VM6m,ORN_VC5
720575940623979960,ORN_VM6m,ORN_VC5
720575940612633494,ORN_VM6m,ORN_VC5
720575940612634009,ORN_VM6m,ORN_VC5
720575940616921129,ORN_VM6m,ORN_VC5
720575940616913705,ORN_VM6m,ORN_VC5
720575940616915753,ORN_VM6m,ORN_VC5
720575940614427567,ORN_VM6m,ORN_VC5
720575940645808931,ORN_VM6v,ORN_VC5
720575940628703993,ORN_VM6v,ORN_VC5
720575940637887872,ORN_VM6v,ORN_VC5
720575940619632148,ORN_VM6v,ORN_VC5
720575940628564350,ORN_VM6v,ORN_VC5
720575940622084681,ORN_VM6v,ORN_VC5
720575940620714921,ORN_VM6v,ORN_VC5
720575940616532310,ORN_VM6v,ORN_VC5
720575940635419237,ORN_VM6v,ORN_VC5
720575940622375389,ORN_VM6v,ORN_VC5
720575940616653030,ORN_VM6v,ORN_VC5
720575940633938657,ORN_VM6v,ORN_VC5
720575940634733537,ORN_VM6v,ORN_VC5
720575940625814274,ORN_VM6v,ORN_VC5
720575940631925096,ORN_VM6v,ORN_VC5
720575940618728395,ORN_VM6v,ORN_VC5
720575940626179334,ORN_VM6v,ORN_VC5
720575940638818357,ORN_VM6v,ORN_VC5
720575940614325138,ORN_VM6v,ORN_VC5
720575940622211845,ORN_VM6v,ORN_VC5
720575940620997409,ORN_VM6v,ORN_VC5
720575940620193472,ORN_VM6v,ORN_VC5
720575940626553993,ORN_VM6v,ORN_VC5
720575940638249917,ORN_VM6v,ORN_VC5
720575940629906060,ORN_VM6v,ORN_VC5
720575940615060290,ORN_VM6v,ORN_VC5
720575940649154425,ORN_VM7d,
720575940639116496,ORN_VM7d,
720575940611208818,ORN_VM7d,
720575940606869513,ORN_VM7d,
720575940630990756,ORN_VM7d,
720575940611830937,ORN_VM7d,
720575940620882714,ORN_VM7d,
720575940630947176,ORN_VM7d,
720575940636975582,ORN_VM7d,
720575940623567945,ORN_VM7d,
720575940614184671,ORN_VM7d,
720575940620675711,ORN_VM7d,
720575940626213642,ORN_VM7d,
720575940621307230,ORN_VM7d,
720575940604675430,ORN_VM7d,
720575940625334424,ORN_VM7d,
720575940626199059,ORN_VM7d,
720575940649098105,ORN_VM7d,
720575940616439697,ORN_VM7d,
720575940610756814,ORN_VM7d,
720575940620253311,ORN_VM7d,
720575940623045117,ORN_VM7d,
720575940644902179,ORN_VM7d,
720575940619519727,ORN_VM7d,
720575940626856721,ORN_VM7d,
720575940629248044,ORN_VM7d,
720575940639076669,ORN_VM7d,
720575940620802230,ORN_VM7d,
720575940638229080,ORN_VM7d,
720575940625273116,ORN_VM7d,
720575940616140171,ORN_VM7d,
720575940623151339,ORN_VM7d,
720575940635159982,ORN_VM7d,
720575940618606983,ORN_VM7v,
720575940613885506,ORN_VM7v,
720575940638974848,ORN_VM7v,
720575940628452711,ORN_VM7v,
720575940636193758,ORN_VM7v,
720575940621804329,ORN_VM7v,
720575940623032102,ORN_VM7v,
720575940629977559,ORN_VM7v,
720575940629326841,ORN_VM7v,
720575940614880671,ORN_VM7v,
720575940620886704,ORN_VM7v,
720575940629099770,ORN_VM7v,
720575940648191609,ORN_VM7v,
720575940616151638,ORN_VM7v,
720575940630846019,ORN_VM7v,
720575940628132943,ORN_VM7v,
720575940612140781,ORN_VM7v,
720575940628993900,ORN_VM7v,
720575940629707068,ORN_VM7v,
720575940627643398,ORN_VM7v,
720575940640837027,ORN_VM7v,
720575940624671490,ORN_VM7v,
720575940620686324,ORN_VM7v,
720575940616254016,ORN_VM7v,
720575940629000318,ORN_VM7v,
720575940627787343,ORN_VM7v,
